{
    "fx": 692.8203125,
    "fy": 692.8203125,
    "cx": 640.0,
    "cy": 400.0,
    "width": 1280,
    "height": 800,
    "nearPlane": 0.30000001192092898,
    "farPlane": 1000.0,
    "position": {
        "x": 0.0,
        "y": 1.0,
        "z": -5.0
    },
    "rotation": {
        "x": 0.0,
        "y": 0.0,
        "z": 0.0
    }
}